{"_runtime": 138.03431606292725, "_timestamp": 1707794276.461282, "loss": 4.186711311340332, "_step": 9, "_wandb": {"runtime": 151}}