{"loss": 15.566083908081055, "_timestamp": 1707784564.22312, "_runtime": 10.997895002365112, "_step": 0, "_wandb": {"runtime": 26}}