{"_timestamp": 1707787190.365681, "loss": 4.186721324920654, "_step": 9, "_runtime": 358.7588679790497, "_wandb": {"runtime": 373}}