{"loss": 4.186721324920654, "_timestamp": 1707787373.729089, "_runtime": 73.36471009254456, "_step": 4, "_wandb": {"runtime": 89}}