{"loss": 4.186721324920654, "_timestamp": 1707787035.9366689, "_runtime": 265.388112783432, "_step": 4, "_wandb": {"runtime": 289}}