{"_step": 14, "_runtime": 210.68986678123474, "_timestamp": 1707794570.5701387, "loss": 4.186711311340332, "_wandb": {"runtime": 223}}