{"_step": 333, "_runtime": 412.05371856689453, "_timestamp": 1707842209.9503016, "loss": 6.729607582092285, "_wandb": {"runtime": 336}}