{"_runtime": 8810.396345853806, "_timestamp": 1707831259.015647, "loss": 8.991044998168945, "_step": 1169}