{"loss": 1.0837793350219727, "_timestamp": 1707799137.9626498, "_runtime": 3387.102968931198, "_step": 1149, "_wandb": {"runtime": 3403}}