{"loss": 15.566083908081055, "_timestamp": 1707784788.3305597, "_runtime": 9.48926067352295, "_step": 0, "_wandb": {"runtime": 23}}