{"loss": 39.19849395751953, "_step": 1155, "_runtime": 6564.383763074875, "_timestamp": 1707826168.6894062}