{"loss": 15.566083908081056, "_step": 0, "_runtime": 9.48926067352295, "_timestamp": 1707784788.3305595}