{"loss": 7.140817165374756, "_step": 1167, "_runtime": 8771.784705162048, "_timestamp": 1707831059.4320652, "_wandb": {"runtime": 124}}