{"loss": 5.382495880126953, "_step": 589, "_runtime": 475.66455030441284, "_timestamp": 1707795119.0659564, "_wandb": {"runtime": 488}}