{"loss": 4.186721324920654, "_timestamp": 1707785794.2159169, "_runtime": 142.7370789051056, "_step": 4, "_wandb": {"runtime": 165}}