{"_step": 1154, "_runtime": 3424.135418176651, "_timestamp": 1707823011.853295, "loss": 1.225542426109314}