{"loss": 13.772185325622559, "_step": 1831, "_runtime": 1818.9505043029785, "_timestamp": 1707839616.2233434, "_wandb": {"runtime": 22}}