{"loss": 9.853904724121094, "_timestamp": 1707785544.9232054, "_runtime": 36.049500465393066, "_step": 1}