{"loss": 8.991044998168945, "_step": 1169, "_runtime": 8810.396345853806, "_timestamp": 1707831259.015647, "_wandb": {"runtime": 1}}