{"loss": 6.119935989379883, "_timestamp": 1707786208.1968517, "_runtime": 337.6313636302948, "_step": 2}