{"loss": 4.186711311340332, "_timestamp": 1707792297.087278, "_runtime": 61.333597898483276, "_step": 4, "_wandb": {"runtime": 75}}