{"loss": 1.1594394445419312, "_timestamp": 1707849048.2777982, "_runtime": 280.4877042770386, "_step": 412, "_wandb": {"runtime": 300}}