{"loss": 1.109244465827942, "_timestamp": 1707848288.0515325, "_runtime": 37.88023257255554, "_step": 58, "_wandb": {"runtime": 53}}