{"_step": 1164, "_runtime": 8717.521439790726, "_timestamp": 1707830882.6211798, "loss": 7.140817165374756, "_wandb": {"runtime": 71}}