{"loss": 6.729607582092285, "_timestamp": 1707843058.5770211, "_runtime": 330.13392400741577, "_step": 294, "_wandb": {"runtime": 344}}