{"loss": 13.522764205932617, "_timestamp": 1707841843.3506782, "_runtime": 58.83769130706787, "_step": 38}