{"loss": 4.186721324920654, "_timestamp": 1707787860.2642007, "_runtime": 74.37448477745056, "_step": 4, "_wandb": {"runtime": 90}}