{"loss": 15.566083908081055, "_timestamp": 1707784388.5924716, "_runtime": 10.1143217086792, "_step": 0, "_wandb": {"runtime": 23}}