{"loss": 11.628032684326172, "_step": 1161, "_runtime": 8664.939676523209, "_timestamp": 1707830631.3118076, "_wandb": {"runtime": 19}}