{"_runtime": 7835.521443128586, "_timestamp": 1707827502.7023072, "loss": 1.248363733291626, "_step": 1160}