{"loss": 15.566083908081055, "_timestamp": 1707784687.5842826, "_runtime": 8.845189571380615, "_step": 0, "_wandb": {"runtime": 29}}