{"_timestamp": 1707839556.5849912, "loss": 12.58488655090332, "_step": 1810, "_runtime": 1792.2436382770538}