{"loss": 10.914406776428223, "_timestamp": 1707837226.4386902, "_runtime": 1720.0374031066895, "_step": 1751, "_wandb": {"runtime": 1735}}