{"loss": 4.186721324920654, "_timestamp": 1707787560.5277624, "_runtime": 74.65427350997925, "_step": 4, "_wandb": {"runtime": 92}}