{"_runtime": 2890.1454935073853, "_timestamp": 1707840660.7977636, "loss": 10.267385482788086, "_step": 2008, "_wandb": {"runtime": 230}}