{"loss": 4.186721324920654, "_timestamp": 1707785182.006203, "_runtime": 187.89412093162537, "_step": 4, "_wandb": {"runtime": 203}}