{"loss": 11.076082229614258, "_step": 2045, "_runtime": 10242.431778430939, "_timestamp": 1707832702.1520824, "_wandb": {"runtime": 869}}